{
  "camera_matrix": [
    [768.3928507884664, 0.0, 400.0],
    [0.0, 768.3928507884664, 300.0],
    [0.0, 0.0, 1.0]
  ],
  "dist_coeff": [
    [0.0, 0.0, 0.0, 0.0, 0.0]
  ]
}
